{
    "camera": {
        "11": 1.0,
        "12": 0.0,
        "13": 0.0,
        "14": 0.0,
        "21": 0.0,
        "22": 1.0,
        "23": 0.0,
        "24": 0.0,
        "31": 0.0,
        "32": 0.0,
        "33": 1.0,
        "34": 0.0,
        "41": 0.0,
        "42": 0.0,
        "43": -1.0,
        "44": 1.0
    },
    "nodeArray": [
        {
            "ID": 0,
            "materialName": "",
            "modelParent": true,
            "modelPath": "",
            "parentID": 18446744073709551615,
            "settings": 0,
            "subModelID": 18446744073709551615,
            "transform": {
                "11": 4.0,
                "12": 0.0,
                "13": 0.0,
                "14": 0.0,
                "21": 0.0,
                "22": 7.152557373046875e-07,
                "23": 3.999999761581421,
                "24": 0.0,
                "31": 0.0,
                "32": -3.999999761581421,
                "33": 7.152557373046875e-07,
                "34": 0.0,
                "41": 0.0,
                "42": -1.0,
                "43": 0.0,
                "44": 1.0
            }
        },
        {
            "ID": 1,
            "materialName": "Brick",
            "modelParent": false,
            "modelPath": "Models/brick_wall/brick_wall.obj",
            "parentID": 0,
            "settings": 0,
            "subModelID": 0,
            "transform": {
                "11": 1.0,
                "12": 0.0,
                "13": 0.0,
                "14": 0.0,
                "21": 0.0,
                "22": 1.0,
                "23": 0.0,
                "24": 0.0,
                "31": 0.0,
                "32": 0.0,
                "33": 1.0,
                "34": 0.0,
                "41": 0.0,
                "42": 0.0,
                "43": 0.0,
                "44": 1.0
            }
        },
        {
            "ID": 2,
            "materialName": "",
            "modelParent": true,
            "modelPath": "",
            "parentID": 18446744073709551615,
            "settings": 0,
            "subModelID": 18446744073709551615,
            "transform": {
                "11": 1.0,
                "12": 0.0,
                "13": 0.0,
                "14": 0.0,
                "21": 0.0,
                "22": 1.0,
                "23": 0.0,
                "24": 0.0,
                "31": 0.0,
                "32": 0.0,
                "33": 1.0,
                "34": 0.0,
                "41": 0.0,
                "42": 0.0,
                "43": 4.0,
                "44": 1.0
            }
        },
        {
            "ID": 3,
            "materialName": "Material.001",
            "modelParent": false,
            "modelPath": "Models/ring/red_ring.obj",
            "parentID": 2,
            "settings": 2,
            "subModelID": 0,
            "transform": {
                "11": 1.0,
                "12": 0.0,
                "13": 0.0,
                "14": 0.0,
                "21": 0.0,
                "22": 1.0,
                "23": 0.0,
                "24": 0.0,
                "31": 0.0,
                "32": 0.0,
                "33": 1.0,
                "34": 0.0,
                "41": 0.0,
                "42": 0.0,
                "43": 0.0,
                "44": 1.0
            }
        },
        {
            "ID": 4,
            "materialName": "",
            "modelParent": true,
            "modelPath": "",
            "parentID": 18446744073709551615,
            "settings": 0,
            "subModelID": 18446744073709551615,
            "transform": {
                "11": 1.0,
                "12": 0.0,
                "13": 0.0,
                "14": 0.0,
                "21": 0.0,
                "22": 1.0,
                "23": 0.0,
                "24": 0.0,
                "31": 0.0,
                "32": 0.0,
                "33": 1.0,
                "34": 0.0,
                "41": 0.0,
                "42": 0.0,
                "43": 0.0,
                "44": 1.0
            }
        },
        {
            "ID": 5,
            "materialName": "Material.002",
            "modelParent": false,
            "modelPath": "Models/Arrows/DXRefSys.obj",
            "parentID": 4,
            "settings": 0,
            "subModelID": 0,
            "transform": {
                "11": 1.0,
                "12": 0.0,
                "13": 0.0,
                "14": 0.0,
                "21": 0.0,
                "22": 1.0,
                "23": 0.0,
                "24": 0.0,
                "31": 0.0,
                "32": 0.0,
                "33": 1.0,
                "34": 0.0,
                "41": 0.0,
                "42": 0.0,
                "43": 0.0,
                "44": 1.0
            }
        },
        {
            "ID": 6,
            "materialName": "Material.003",
            "modelParent": false,
            "modelPath": "Models/Arrows/DXRefSys.obj",
            "parentID": 4,
            "settings": 0,
            "subModelID": 1,
            "transform": {
                "11": 1.0,
                "12": 0.0,
                "13": 0.0,
                "14": 0.0,
                "21": 0.0,
                "22": 1.0,
                "23": 0.0,
                "24": 0.0,
                "31": 0.0,
                "32": 0.0,
                "33": 1.0,
                "34": 0.0,
                "41": 0.0,
                "42": 0.0,
                "43": 0.0,
                "44": 1.0
            }
        },
        {
            "ID": 7,
            "materialName": "Material.001",
            "modelParent": false,
            "modelPath": "Models/Arrows/DXRefSys.obj",
            "parentID": 4,
            "settings": 0,
            "subModelID": 2,
            "transform": {
                "11": 1.0,
                "12": 0.0,
                "13": 0.0,
                "14": 0.0,
                "21": 0.0,
                "22": 1.0,
                "23": 0.0,
                "24": 0.0,
                "31": 0.0,
                "32": 0.0,
                "33": 1.0,
                "34": 0.0,
                "41": 0.0,
                "42": 0.0,
                "43": 0.0,
                "44": 1.0
            }
        },
        {
            "ID": 8,
            "materialName": "",
            "modelParent": true,
            "modelPath": "",
            "parentID": 2,
            "settings": 0,
            "subModelID": 18446744073709551615,
            "transform": {
                "11": 1.0,
                "12": 0.0,
                "13": 0.0,
                "14": 0.0,
                "21": 0.0,
                "22": 1.0,
                "23": 0.0,
                "24": 0.0,
                "31": 0.0,
                "32": 0.0,
                "33": 1.0,
                "34": 0.0,
                "41": 0.0,
                "42": 0.0,
                "43": 0.0,
                "44": 1.0
            }
        },
        {
            "ID": 9,
            "materialName": "Material",
            "modelParent": false,
            "modelPath": "Models/orangeGlassCube.obj",
            "parentID": 8,
            "settings": 0,
            "subModelID": 0,
            "transform": {
                "11": 1.0,
                "12": 0.0,
                "13": 0.0,
                "14": 0.0,
                "21": 0.0,
                "22": 1.0,
                "23": 0.0,
                "24": 0.0,
                "31": 0.0,
                "32": 0.0,
                "33": 1.0,
                "34": 0.0,
                "41": 0.0,
                "42": 0.0,
                "43": 0.0,
                "44": 1.0
            }
        },
        {
            "ID": 10,
            "materialName": "",
            "modelParent": true,
            "modelPath": "",
            "parentID": 18446744073709551615,
            "settings": 0,
            "subModelID": 18446744073709551615,
            "transform": {
                "11": 1.0,